status,id,title,families,domains,reason,url
"dead_launch","2048","2048","","localhost","fetch failed","/games/2048/index.html"
"dead_launch","tetris","Tetris","","localhost","fetch failed","/games/tetris/index.html"
"dead_launch","snake","Snake","","localhost","fetch failed","/games/snake/index.html"
"dead_launch","flappy-bird","Flappy Bird","","localhost","fetch failed","/games/flappy-bird/index.html"
"dead_launch","pong","Pong","","localhost","fetch failed","/games/pong/index.html"
"dead_launch","breakout","Breakout","","localhost","fetch failed","/games/breakout/index.html"
"dead_launch","dino-runner","Dino Runner","","localhost","fetch failed","/games/dino-runner/index.html"
"dead_launch","space-invaders","Space Invaders","","localhost","fetch failed","/games/space-invaders/index.html"
"dead_launch","sudoku","Sudoku","","localhost","fetch failed","/games/sudoku/index.html"
"dead_launch","minesweeper","Minesweeper","","localhost","fetch failed","/games/minesweeper/index.html"
"dead_launch","connect-four","Connect Four","","localhost","fetch failed","/games/connect-four/index.html"
"dead_launch","memory-match","Memory Match","","localhost","fetch failed","/games/memory-match/index.html"
"dead_launch","typing-game","Typing Game","","localhost","fetch failed","/games/typing-game/index.html"
"dead_launch","simon-says","Simon Says","","localhost","fetch failed","/games/simon-says/index.html"
"dead_launch","tower-of-hanoi","Tower of Hanoi","","localhost","fetch failed","/games/tower-of-hanoi/index.html"
"dead_launch","pacman","Pacman","","localhost","fetch failed","/games/pacman/index.html"
"dead_launch","andys-apple-farm","Andy's Apple Farm","1key","1key.lol|localhost","fetch failed","https://1key.lol/games/game/?id=andys-apple-farm"
"dead_launch","aqua-park","Aqua Park","1key","1key.lol|localhost","fetch failed","https://1key.lol/games/game/?id=aqua-park"
"dead_launch","babel-tower","Babel Tower","1key","1key.lol|localhost","fetch failed","https://1key.lol/games/game/?id=babel-tower"
"dead_launch","bad-parenting-1","Bad Parenting 1","1key","1key.lol|localhost","fetch failed","https://1key.lol/games/game/?id=bad-parenting-1"
"dead_launch","basketball-random","Basketball Random","1key","1key.lol|localhost","fetch failed","https://1key.lol/games/game/?id=basketball-random"
"dead_launch","ben-10-omniverse","Ben 10 Omniverse","1key","1key.lol|localhost","fetch failed","https://1key.lol/games/game/?id=ben-10-omniverse"
"dead_launch","ben-10-protector-of-earth","Ben 10 Protector Of Earth","1key","1key.lol|localhost","fetch failed","https://1key.lol/games/game/?id=ben-10-protector-of-earth"
"dead_launch","binding-of-isaac-wrath-of-the-lamb","Binding Of Isaac Wrath Of The Lamb","1key","1key.lol|localhost","fetch failed","https://1key.lol/games/game/?id=binding-of-isaac-wrath-of-the-lamb"
"dead_launch","bloons-td-4","Bloons TD 4","1key","1key.lol|localhost","fetch failed","https://1key.lol/games/game/?id=bloons-td-4"
"dead_launch","brotato","Brotato","1key","1key.lol|localhost","fetch failed","https://1key.lol/games/game/?id=brotato"
"dead_launch","cheese-rolling","Cheese Rolling","1key","1key.lol|localhost","fetch failed","https://1key.lol/games/game/?id=cheese-rolling"
"dead_launch","christmas-massacre","Christmas Massacre","1key","1key.lol|localhost","fetch failed","https://1key.lol/games/game/?id=christmas-massacre"
"dead_launch","code-editor","Code Editor","1key","1key.lol|localhost","fetch failed","https://1key.lol/games/game/?id=code-editor"
"dead_launch","core-ball","Core Ball","1key","1key.lol|localhost","fetch failed","https://1key.lol/games/game/?id=core-ball"
"dead_launch","crazy-cattle-3-d","Crazy Cattle 3 D","1key","1key.lol|localhost","fetch failed","https://1key.lol/games/game/?id=crazy-cattle-3d"
"dead_launch","cube-field","Cube Field","1key","1key.lol|localhost","fetch failed","https://1key.lol/games/game/?id=cube-field"
"dead_launch","dice-a-million","Dice A Million","1key","1key.lol|localhost","fetch failed","https://1key.lol/games/game/?id=dice-a-million"
"dead_launch","dungeons-degenerate-gamblers","Dungeons & Degenerate Gamblers","1key","1key.lol|localhost","fetch failed","https://1key.lol/games/game/?id=dungeons-and-degenerate-gamblers"
"dead_launch","endoparasitic","Endoparasitic","1key","1key.lol|localhost","fetch failed","https://1key.lol/games/game/?id=endoparasitic"
"dead_launch","fear-hunger","Fear & Hunger","1key","1key.lol|localhost","fetch failed","https://1key.lol/games/game/?id=fear-and-hunger"
"dead_launch","fears-to-fathom-home-alone","Fears To Fathom: Home Alone","1key","1key.lol|localhost","fetch failed","https://1key.lol/games/game/?id=fears-to-fathom-home-alone"
"dead_launch","five-nights-at-epsteins-2","Five Nights At Epstein's","1key","1key.lol|localhost","fetch failed","https://1key.lol/games/game/?id=five-nights-at-epsteins"
"dead_launch","flight-simulator","Flight Simulator","1key","1key.lol|localhost","fetch failed","https://1key.lol/games/game/?id=flight-simulator"
"dead_launch","geometry-dash-subzero","Geometry Dash Subzero","1key","1key.lol|localhost","fetch failed","https://1key.lol/games/game/?id=geometry-dash-subzero"
"dead_launch","google-dino","Google Dino","1key","1key.lol|localhost","fetch failed","https://1key.lol/games/game/?id=google-dino"
"dead_launch","grand-theft-auto-vice-city","Grand Theft Auto: Vice City","1key","1key.lol|localhost","fetch failed","https://1key.lol/games/game/?id=grand-theft-auto-vice-city"
"dead_launch","hollow-knight-silksong","Hollow Knight: Silksong","1key","1key.lol|localhost","fetch failed","https://1key.lol/games/game/?id=hollow-knight-silksong"
"dead_launch","hotline-miami","Hotline Miami","1key","1key.lol|localhost","fetch failed","https://1key.lol/games/game/?id=hotline-miami"
"dead_launch","iron-lung","Iron Lung","1key","1key.lol|localhost","fetch failed","https://1key.lol/games/game/?id=iron-lung"
"dead_launch","iron-snout","Iron Snout","1key","1key.lol|localhost","fetch failed","https://1key.lol/games/game/?id=iron-snout"
"dead_launch","jelly-drift","Jelly Drift","1key","1key.lol|localhost","fetch failed","https://1key.lol/games/game/?id=jelly-drift"
"dead_launch","karlson","Karlson","1key","1key.lol|localhost","fetch failed","https://1key.lol/games/game/?id=karlson"
"dead_launch","kindergarten","Kindergarten","1key","1key.lol|localhost","fetch failed","https://1key.lol/games/game/?id=kindergarten"
"dead_launch","kindergarten-2","Kindergarten 2","1key","1key.lol|localhost","fetch failed","https://1key.lol/games/game/?id=kindergarten-2"
"dead_launch","kindergarten-3","Kindergarten 3","1key","1key.lol|localhost","fetch failed","https://1key.lol/games/game/?id=kindergarten-3"
"dead_launch","legend-of-zelda","Legend Of Zelda","1key","1key.lol|localhost","fetch failed","https://1key.lol/games/game/?id=legend-of-zelda"
"dead_launch","legend-of-zelda-ocarina-of-time","Legend Of Zelda Ocarina Of Time","1key","1key.lol|localhost","fetch failed","https://1key.lol/games/game/?id=legend-of-zelda-ocarina-of-time"
"dead_launch","legend-of-zelda-phantom-hourglass","Legend Of Zelda Phantom Hourglass","1key","1key.lol|localhost","fetch failed","https://1key.lol/games/game/?id=legend-of-zelda-phantom-hourglass"
"dead_launch","legend-of-zelda-the-minish-cap","Legend Of Zelda The Minish Cap","1key","1key.lol|localhost","fetch failed","https://1key.lol/games/game/?id=legend-of-zelda-the-minish-cap"
"dead_launch","legend-of-zelda-the-spirit-tracks","Legend Of Zelda The Spirit Tracks","1key","1key.lol|localhost","fetch failed","https://1key.lol/games/game/?id=legend-of-zelda-the-spirit-tracks"
"dead_launch","masked-forces-unlimited","Masked Forces Unlimited","1key","1key.lol|localhost","fetch failed","https://1key.lol/games/game/?id=masked-forces-unlimited"
"dead_launch","midnight-shift","Midnight Shift","1key","1key.lol|localhost","fetch failed","https://1key.lol/games/game/?id=midnight-shift"
"dead_launch","mountain-bike-runner","Mountain Bike Runner","1key","1key.lol|localhost","fetch failed","https://1key.lol/games/game/?id=mountain-bike-runner"
"dead_launch","my-friend-pedro","My Friend Pedro","1key","1key.lol|localhost","fetch failed","https://1key.lol/games/game/?id=my-friend-pedro"
"dead_launch","my-friend-pedro-arena","My Friend Pedro Arena","1key","1key.lol|localhost","fetch failed","https://1key.lol/games/game/?id=my-friend-pedro-arena"
"dead_launch","papas-bakeria","Papa's Bakeria","1key","1key.lol|localhost","fetch failed","https://1key.lol/games/game/?id=papas-bakeria"
"dead_launch","papas-cheeseria","Papa's Cheeseria","1key","1key.lol|localhost","fetch failed","https://1key.lol/games/game/?id=papas-cheeseria"
"dead_launch","papas-cupcakeria","Papa's Cupcakeria","1key","1key.lol|localhost","fetch failed","https://1key.lol/games/game/?id=papas-cupcakeria"
"dead_launch","papas-sushiria","Papa's Sushiria","1key","1key.lol|localhost","fetch failed","https://1key.lol/games/game/?id=papas-sushiria"
"dead_launch","plinko-with-cheats","Plinko With Cheats","1key","1key.lol|localhost","fetch failed","https://1key.lol/games/game/?id=plinko-with-cheats"
"dead_launch","resident-evil-3","Resident Evil 3","1key","1key.lol|localhost","fetch failed","https://1key.lol/games/game/?id=resident-evil-3"
"dead_launch","rogue-sergeant","Rogue Sergeant","1key","1key.lol|localhost","fetch failed","https://1key.lol/games/game/?id=rogue-sergeant"
"dead_launch","saul-goodman-run","Saul Goodman Run","1key","1key.lol|localhost","fetch failed","https://1key.lol/games/game/?id=saul-goodman-run"
"dead_launch","schoolboy-runaway","Schoolboy Runaway","1key","1key.lol|localhost","fetch failed","https://1key.lol/games/game/?id=schoolboy-runaway"
"dead_launch","shred-sauce","Shred Sauce","1key","1key.lol|localhost","fetch failed","https://1key.lol/games/game/?id=shred-sauce"
"dead_launch","skibidi-backrooms","Skibidi Backrooms","1key","1key.lol|localhost","fetch failed","https://1key.lol/games/game/?id=skibidi-backrooms"
"dead_launch","slender","Slender","1key","1key.lol|localhost","fetch failed","https://1key.lol/games/game/?id=slender"
"dead_launch","slendy-tubbies","Slendy Tubbies","1key","1key.lol|localhost","fetch failed","https://1key.lol/games/game/?id=slendy-tubbies"
"dead_launch","slow-roads","Slow Roads","1key","1key.lol|localhost","fetch failed","https://1key.lol/games/game/?id=slow-roads"
"dead_launch","stackball-io","Stackball IO","1key","1key.lol|localhost","fetch failed","https://1key.lol/games/game/?id=stackball-io"
"dead_launch","stake-mines","Stake Mines","1key","1key.lol|localhost","fetch failed","https://1key.lol/games/game/?id=stake-mines"
"dead_launch","survival-race-arena","Survival Race Arena","1key","1key.lol|localhost","fetch failed","https://1key.lol/games/game/?id=survival-race-arena"
"dead_launch","thats-not-my-neighbor","That's Not My Neighbor","1key","1key.lol|localhost","fetch failed","https://1key.lol/games/game/?id=thats-not-my-neighbor"
"dead_launch","the-impossible-quiz","The Impossible Quiz","1key","1key.lol|localhost","fetch failed","https://1key.lol/games/game/?id=the-impossible-quiz"
"dead_launch","the-man-from-the-window","The Man From The Window","1key","1key.lol|localhost","fetch failed","https://1key.lol/games/game/?id=the-man-from-the-window"
"dead_launch","the-worlds-hardest-game","The World's Hardest Game","1key","1key.lol|localhost","fetch failed","https://1key.lol/games/game/?id=the-worlds-hardest-game"
"dead_launch","undertale-yellow","Undertale Yellow","1key","1key.lol|localhost","fetch failed","https://1key.lol/games/game/?id=undertale-yellow"
"dead_launch","webfishing","Webfishing","1key","1key.lol|localhost","fetch failed","https://1key.lol/games/game/?id=webfishing"
"dead_launch","webgl-fluid","Webgl Fluid","1key","1key.lol|localhost","fetch failed","https://1key.lol/games/game/?id=webgl-fluid"
"dead_launch","you-vs-100-skibidi","You Vs. 100 Skibidi","1key","1key.lol|localhost","fetch failed","https://1key.lol/games/game/?id=you-vs-100-skibidi"
